{
  "enabled": true,
  "model": {
    "classes": [
      "broken clouds",
      "scattered clouds",
      "few clouds",
      "overcast clouds",
      "clear sky",
      "haze",
      "light rain",
      "drizzle",
      "moderate rain",
      "light intensity drizzle",
      "light intensity shower rain",
      "fog",
      "mist",
      "heavy intensity rain",
      "thunderstorm with drizzle",
      "thunderstorm with rain",
      "thunderstorm",
      "thunderstorm with light rain"
    ],
    "priors": {
      "broken clouds": 0.1752256918750925,
      "scattered clouds": 0.22273198164866065,
      "few clouds": 0.1349711410389226,
      "overcast clouds": 0.18617729761728577,
      "clear sky": 0.18602930294509398,
      "haze": 0.011099600414385083,
      "light rain": 0.04380642296877312,
      "drizzle": 0.007547728281781856,
      "moderate rain": 0.0035518721326032263,
      "light intensity drizzle": 0.0020719254106852155,
      "light intensity shower rain": 0.0005919786887672044,
      "fog": 0.016575403285481724,
      "mist": 0.007695722953973657,
      "heavy intensity rain": 0.0011839573775344087,
      "thunderstorm with drizzle": 0.0001479946721918011,
      "thunderstorm with rain": 0.0001479946721918011,
      "thunderstorm": 0.0002959893443836022,
      "thunderstorm with light rain": 0.0001479946721918011
    },
    "means": {
      "broken clouds": [
        22.218885135135135,
        77.15878378378379,
        1011.9324324324324,
        2.0441047297297295
      ],
      "scattered clouds": [
        25.29148172757475,
        69.1641196013289,
        1011.3136212624585,
        2.7685249169435218
      ],
      "few clouds": [
        27.040855263157894,
        64.34100877192982,
        1010.8969298245614,
        3.5942434210526315
      ],
      "overcast clouds": [
        20.859197138314784,
        81.67090620031796,
        1012.2368839427663,
        1.4638394276629572
      ],
      "clear sky": [
        25.886523468575977,
        73.37072394590294,
        1010.2999204455052,
        3.470127287191726
      ],
      "haze": [
        25.352666666666668,
        73.08,
        1011.4533333333334,
        2.412533333333333
      ],
      "light rain": [
        19.68706081081081,
        84.48310810810811,
        1013.3547297297297,
        2.6057094594594594
      ],
      "drizzle": [
        24.28117647058824,
        93.19607843137256,
        1010.8823529411765,
        2.4892156862745094
      ],
      "moderate rain": [
        22.672916666666666,
        86.58333333333333,
        1011.3333333333334,
        3.0545833333333334
      ],
      "light intensity drizzle": [
        21.969285714285714,
        87.0,
        1012.1428571428571,
        2.792142857142857
      ],
      "light intensity shower rain": [
        25.137500000000003,
        84.5,
        1011.25,
        4.0675
      ],
      "fog": [
        17.182410714285716,
        93.59821428571429,
        1015.2142857142857,
        2.0326785714285713
      ],
      "mist": [
        19.236730769230768,
        96.76923076923077,
        1014.0961538461538,
        1.5553846153846154
      ],
      "heavy intensity rain": [
        22.7625,
        97.0,
        1011.5,
        3.9299999999999997
      ],
      "thunderstorm with drizzle": [
        27.01,
        78.0,
        1006.0,
        4.12
      ],
      "thunderstorm with rain": [
        24.03,
        88.0,
        1008.0,
        5.14
      ],
      "thunderstorm": [
        28.03,
        83.5,
        1008.5,
        3.2649999999999997
      ],
      "thunderstorm with light rain": [
        25.03,
        83.0,
        1008.0,
        3.6
      ]
    },
    "vars": {
      "broken clouds": [
        36.528923419238495,
        226.85147689919648,
        8.003880569758948,
        1.3948875430857377
      ],
      "scattered clouds": [
        34.14225222308804,
        250.97439366011412,
        7.763435723667509,
        3.3311208806083816
      ],
      "few clouds": [
        34.50112514571791,
        196.70937091220375,
        7.147271275777162,
        5.330904471447946
      ],
      "overcast clouds": [
        34.33313965747989,
        209.98867660328432,
        10.346111752826426,
        1.0496106165058727
      ],
      "clear sky": [
        19.961673753029178,
        267.6366289906199,
        5.527390606240692,
        3.978374685468615
      ],
      "haze": [
        8.267691555555556,
        136.9536,
        4.007822222222222,
        1.1339229155555555
      ],
      "light rain": [
        41.576866699004746,
        151.41863358290723,
        5.695112764791818,
        4.177731929099708
      ],
      "drizzle": [
        13.41305743944637,
        15.059592464436754,
        4.143021914648212,
        0.5309836985774702
      ],
      "moderate rain": [
        19.80561232638889,
        100.65972222222223,
        8.138888888888888,
        2.4339414930555554
      ],
      "light intensity drizzle": [
        28.382406632653066,
        180.0,
        11.26530612244898,
        2.3700739795918366
      ],
      "light intensity shower rain": [
        0.3624687499999992,
        46.75,
        3.6875,
        7.977218750000002
      ],
      "fog": [
        19.901836152742344,
        50.168925382653065,
        3.3826530612244894,
        1.3622624681122448
      ],
      "mist": [
        17.479018158284024,
        34.21597633136094,
        6.471523668639053,
        1.0897671597633136
      ],
      "heavy intensity rain": [
        11.627168750000003,
        9.0,
        4.25,
        2.1866499999999998
      ],
      "thunderstorm with drizzle": [
        1e-06,
        1e-06,
        1e-06,
        1e-06
      ],
      "thunderstorm with rain": [
        1e-06,
        1e-06,
        1e-06,
        1e-06
      ],
      "thunderstorm": [
        9.0,
        20.25,
        0.25,
        1.4520249999999995
      ],
      "thunderstorm with light rain": [
        1e-06,
        1e-06,
        1e-06,
        1e-06
      ]
    }
  },
  "features": [
    "temp",
    "hum",
    "pres",
    "wind"
  ]
}